<?xml version="1.0" encoding="UTF-8"?>
<project-private xmlns="http://www.netbeans.org/ns/project-private/1">
    <editor-bookmarks xmlns="http://www.netbeans.org/ns/editor-bookmarks/2" lastBookmarkId="0"/>
    <open-files xmlns="http://www.netbeans.org/ns/projectui-open-files/2">
        <group>
            <file>file:/C:/Users/Pc/Desktop/JULIO%20CURSO%202/GUIA%20RELACIONES/HerenciaEjercicio1Extra/src/Entidad/Main.java</file>
            <file>file:/C:/Users/Pc/Desktop/JULIO%20CURSO%202/GUIA%20RELACIONES/HerenciaEjercicio1Extra/src/Entidad/Yates.java</file>
            <file>file:/C:/Users/Pc/Desktop/JULIO%20CURSO%202/GUIA%20RELACIONES/HerenciaEjercicio1Extra/src/Entidad/Barco.java</file>
            <file>file:/C:/Users/Pc/Desktop/JULIO%20CURSO%202/GUIA%20RELACIONES/HerenciaEjercicio1Extra/src/Entidad/Velero.java</file>
            <file>file:/C:/Users/Pc/Desktop/JULIO%20CURSO%202/GUIA%20RELACIONES/HerenciaEjercicio1Extra/src/Entidad/Alquiler.java</file>
        </group>
    </open-files>
</project-private>
