<?xml version="1.0" encoding="UTF-8"?>
<project-private xmlns="http://www.netbeans.org/ns/project-private/1">
    <editor-bookmarks xmlns="http://www.netbeans.org/ns/editor-bookmarks/2" lastBookmarkId="0"/>
    <open-files xmlns="http://www.netbeans.org/ns/projectui-open-files/2">
        <group>
            <file>file:/C:/Users/nico_/OneDrive/Documentos/NetBeansProjects/Booking/src/booking/Hotel.java</file>
            <file>file:/C:/Users/nico_/OneDrive/Documentos/NetBeansProjects/Booking/src/booking/Camping.java</file>
            <file>file:/C:/Users/nico_/OneDrive/Documentos/NetBeansProjects/Booking/src/booking/Extra_hotelero.java</file>
            <file>file:/C:/Users/nico_/OneDrive/Documentos/NetBeansProjects/Booking/src/booking/Hotel_4.java</file>
            <file>file:/C:/Users/nico_/OneDrive/Documentos/NetBeansProjects/Booking/src/booking/Residencia.java</file>
            <file>file:/C:/Users/nico_/OneDrive/Documentos/NetBeansProjects/Booking/src/booking/Main.java</file>
            <file>file:/C:/Users/nico_/OneDrive/Documentos/NetBeansProjects/Booking/src/booking/Hotel_5.java</file>
            <file>file:/C:/Users/nico_/OneDrive/Documentos/NetBeansProjects/Booking/src/booking/Alojamiento.java</file>
        </group>
    </open-files>
</project-private>
